Matchweek,Date,KickoffLocal,HomeTeam,AwayTeam,Referee,HomeWin_Probability,Draw_Probability,AwayWin_Probability,Prediction,Confidence
6,2026-10-10,12:30,Arsenal,Leeds United,Unknown,0.8065401315689087,0.10091296583414078,0.09254690259695053,H,0.8065401315689087
6,2026-10-10,15:00,Ipswich Town,Fulham,Unknown,0.21845406293869019,0.24626225233078003,0.5352836847305298,A,0.5352836847305298
6,2026-10-10,15:00,Chelsea,AFC Bournemouth,Unknown,0.6305736899375916,0.20437714457511902,0.16504915058612823,H,0.6305736899375916
6,2026-10-10,15:00,Aston Villa,Brentford,Unknown,0.6550133228302002,0.1859447956085205,0.1590418815612793,H,0.6550133228302002
6,2026-10-10,15:00,Sunderland,Brighton & Hove Albion,Unknown,0.30743134021759033,0.21662749350070953,0.47594118118286133,A,0.47594118118286133
6,2026-10-10,17:30,Manchester United,Tottenham Hotspur,Unknown,0.5501152276992798,0.20470844209194183,0.2451763153076172,H,0.5501152276992798
6,2026-10-11,14:00,Crystal Palace,Nottingham Forest,Unknown,0.5610517859458923,0.22525835037231445,0.21368993818759918,H,0.5610517859458923
6,2026-10-11,14:00,Hull City,Everton,Unknown,0.2544727921485901,0.25340813398361206,0.49211904406547546,A,0.49211904406547546
6,2026-10-11,16:30,Liverpool,Manchester City,Unknown,0.48408347368240356,0.2642536461353302,0.25166288018226624,H,0.48408347368240356
6,2026-10-12,20:00,Coventry City,Newcastle United,Unknown,0.21944226324558258,0.22440890967845917,0.5561488270759583,A,0.5561488270759583
7,2026-10-17,12:30,Everton,Chelsea,Unknown,0.3209258019924164,0.20245108008384705,0.47662317752838135,A,0.47662317752838135
7,2026-10-17,15:00,Manchester City,Ipswich Town,Unknown,0.838983952999115,0.09358140826225281,0.06743458658456802,H,0.838983952999115
7,2026-10-17,15:00,Fulham,Hull City,Unknown,0.5588500499725342,0.21420206129550934,0.22694790363311768,H,0.5588500499725342
7,2026-10-17,15:00,Brentford,Liverpool,Unknown,0.2902536690235138,0.21459946036338806,0.4951469302177429,A,0.4951469302177429
7,2026-10-17,17:30,Newcastle United,Aston Villa,Unknown,0.3485649824142456,0.24060200154781342,0.4108329713344574,A,0.4108329713344574
7,2026-10-18,14:00,AFC Bournemouth,Sunderland,Unknown,0.5452983975410461,0.21407672762870789,0.24062488973140717,H,0.5452983975410461
7,2026-10-18,14:00,Leeds United,Manchester United,Unknown,0.330962210893631,0.2124491035938263,0.45658862590789795,A,0.45658862590789795
7,2026-10-18,14:00,Brighton & Hove Albion,Crystal Palace,Unknown,0.5233915448188782,0.2181338667869568,0.2584746181964874,H,0.5233915448188782
7,2026-10-18,16:30,Nottingham Forest,Arsenal,Unknown,0.22221405804157257,0.19521695375442505,0.5825690031051636,A,0.5825690031051636
7,2026-10-19,20:00,Tottenham Hotspur,Coventry City,Unknown,0.5584251284599304,0.20415031909942627,0.23742450773715973,H,0.5584251284599304
8,2026-10-23,20:00,Ipswich Town,Nottingham Forest,Unknown,0.22699089348316193,0.22977425158023834,0.5432348847389221,A,0.5432348847389221
8,2026-10-24,12:30,Aston Villa,Manchester City,Unknown,0.4363131821155548,0.24739502370357513,0.31629180908203125,H,0.4363131821155548
8,2026-10-24,15:00,Coventry City,Fulham,Unknown,0.28046470880508423,0.2519119679927826,0.46762338280677795,A,0.46762338280677795
8,2026-10-24,15:00,Arsenal,Everton,Unknown,0.7211294174194336,0.1565391570329666,0.1223314180970192,H,0.7211294174194336
8,2026-10-24,17:30,Chelsea,Tottenham Hotspur,Unknown,0.6575724482536316,0.19073191285133362,0.15169569849967957,H,0.6575724482536316
8,2026-10-25,14:00,Crystal Palace,Newcastle United,Unknown,0.47824397683143616,0.24636627733707428,0.2753896713256836,H,0.47824397683143616
8,2026-10-25,14:00,Hull City,Brentford,Unknown,0.261397123336792,0.23630236089229584,0.502300500869751,A,0.502300500869751
8,2026-10-25,14:00,Liverpool,Brighton & Hove Albion,Unknown,0.6438466906547546,0.21009643375873566,0.14605684578418732,H,0.6438466906547546
8,2026-10-25,14:00,Manchester United,AFC Bournemouth,Unknown,0.47182926535606384,0.21721962094306946,0.3109510838985443,H,0.47182926535606384
8,2026-10-25,16:30,Sunderland,Leeds United,Unknown,0.4917411208152771,0.20531894266605377,0.3029399812221527,H,0.4917411208152771
9,2026-10-31,12:30,Chelsea,Manchester United,Unknown,0.6087761521339417,0.21994802355766296,0.1712758094072342,H,0.6087761521339417
9,2026-10-31,15:00,Coventry City,Sunderland,Unknown,0.3292747437953949,0.22720462083816528,0.44352057576179504,A,0.44352057576179504
9,2026-10-31,15:00,AFC Bournemouth,Leeds United,Unknown,0.5810992121696472,0.18378794193267822,0.23511284589767456,H,0.5810992121696472
9,2026-10-31,15:00,Brentford,Nottingham Forest,Unknown,0.4507657289505005,0.23293578624725342,0.3162984251976013,H,0.4507657289505005
9,2026-10-31,15:00,Manchester City,Brighton & Hove Albion,Unknown,0.7424843907356262,0.1345568299293518,0.1229587271809578,H,0.7424843907356262
9,2026-10-31,15:00,Hull City,Ipswich Town,Unknown,0.4650742709636688,0.29627376794815063,0.23865191638469696,H,0.4650742709636688
9,2026-10-31,17:30,Tottenham Hotspur,Crystal Palace,Unknown,0.3088814914226532,0.1904991865158081,0.5006192922592163,A,0.5006192922592163
9,2026-10-31,20:00,Aston Villa,Fulham,Unknown,0.6892766356468201,0.18133416771888733,0.1293891817331314,H,0.6892766356468201
9,2026-11-01,16:30,Liverpool,Arsenal,Unknown,0.5096735954284668,0.25331366062164307,0.23701272904872894,H,0.5096735954284668
9,2026-11-02,20:00,Newcastle United,Everton,Unknown,0.5292446613311768,0.2321246862411499,0.23863065242767334,H,0.5292446613311768
10,2026-11-07,15:00,Brighton & Hove Albion,Brentford,Unknown,0.5471367835998535,0.20317362248897552,0.24968957901000977,H,0.5471367835998535
10,2026-11-07,15:00,Everton,Coventry City,Unknown,0.59939044713974,0.21231232583522797,0.18829724192619324,H,0.59939044713974
10,2026-11-07,15:00,Arsenal,Hull City,Unknown,0.7840564846992493,0.11734633892774582,0.09859713166952133,H,0.7840564846992493
10,2026-11-07,15:00,Fulham,Newcastle United,Unknown,0.3709689974784851,0.23013268411159515,0.39889833331108093,A,0.39889833331108093
10,2026-11-07,17:30,Nottingham Forest,Manchester City,Unknown,0.20399461686611176,0.2069566696882248,0.5890487432479858,A,0.5890487432479858
10,2026-11-07,15:00,Leeds United,Tottenham Hotspur,Unknown,0.4475797712802887,0.22942443192005157,0.3229958415031433,H,0.4475797712802887
10,2026-11-08,14:00,Crystal Palace,Liverpool,Unknown,0.3455195128917694,0.22651667892932892,0.42796382308006287,A,0.42796382308006287
10,2026-11-08,14:00,Ipswich Town,AFC Bournemouth,Unknown,0.212967649102211,0.21689340472221375,0.5701389312744141,A,0.5701389312744141
10,2026-11-08,14:00,Sunderland,Chelsea,Unknown,0.27020755410194397,0.19832843542099,0.5314639806747437,A,0.5314639806747437
10,2026-11-08,16:30,Manchester United,Aston Villa,Unknown,0.2987080514431,0.21300944685935974,0.48828253149986267,A,0.48828253149986267
