Column,Role
Season,historical_or_metadata
MatchDate,historical_or_metadata
HomeTeam,historical_or_metadata
AwayTeam,historical_or_metadata
FullTimeHomeGoals,ground_truth
FullTimeAwayGoals,ground_truth
FullTimeResult,target
HalfTimeHomeGoals,current_match
HalfTimeAwayGoals,current_match
HalfTimeResult,historical_or_metadata
HomeShots,current_match
AwayShots,current_match
HomeShotsOnTarget,current_match
AwayShotsOnTarget,current_match
HomeCorners,current_match
AwayCorners,current_match
HomeFouls,current_match
AwayFouls,current_match
HomeYellowCards,current_match
AwayYellowCards,current_match
HomeRedCards,current_match
AwayRedCards,current_match
DateKey,historical_or_metadata
MatchKey,historical_or_metadata
Referee_stats,historical_or_metadata
Book_Referee,historical_or_metadata
Book_xG_Home,historical_or_metadata
Book_xG_Away,historical_or_metadata
Book_FTHG,historical_or_metadata
Book_FTAG,historical_or_metadata
Wk,historical_or_metadata
Time,historical_or_metadata
Referee,historical_or_metadata
xG_Home,current_match
xG_Away,current_match
KickoffTime,historical_or_metadata
GoalDifference,ground_truth
Home_Elo,historical_or_metadata
Away_Elo,historical_or_metadata
Elo_Difference,historical_or_metadata
Home_PPG_Last5,historical_or_metadata
Home_PPG_Last10,historical_or_metadata
Home_WinRate_Last5,historical_or_metadata
Home_GoalsFor_Last5,historical_or_metadata
Home_GoalsAgainst_Last5,historical_or_metadata
Home_GoalDiff_Last5,historical_or_metadata
Home_shots_Last5,historical_or_metadata
Home_sot_Last5,historical_or_metadata
Home_corners_Last5,historical_or_metadata
Home_fouls_Last5,historical_or_metadata
Home_yellow_Last5,historical_or_metadata
Home_red_Last5,historical_or_metadata
Home_xg_Last5,historical_or_metadata
Away_PPG_Last5,historical_or_metadata
Away_PPG_Last10,historical_or_metadata
Away_WinRate_Last5,historical_or_metadata
Away_GoalsFor_Last5,historical_or_metadata
Away_GoalsAgainst_Last5,historical_or_metadata
Away_GoalDiff_Last5,historical_or_metadata
Away_shots_Last5,historical_or_metadata
Away_sot_Last5,historical_or_metadata
Away_corners_Last5,historical_or_metadata
Away_fouls_Last5,historical_or_metadata
Away_yellow_Last5,historical_or_metadata
Away_red_Last5,historical_or_metadata
Away_xg_Last5,historical_or_metadata
Home_HomePPG_Last5,historical_or_metadata
Away_AwayPPG_Last5,historical_or_metadata
Referee_Known,historical_or_metadata
Referee_History_Matches,historical_or_metadata
Referee_Avg_TotalFouls,historical_or_metadata
Referee_Avg_TotalYellow,historical_or_metadata
Referee_Avg_TotalRed,historical_or_metadata
Referee_Avg_HomeYellow,historical_or_metadata
Referee_Avg_AwayYellow,historical_or_metadata
Referee_FoulBias,historical_or_metadata
Referee_CardBias,historical_or_metadata
Referee_HomeWinRate,historical_or_metadata
Referee_DrawRate,historical_or_metadata
League_Avg_TotalFouls,historical_or_metadata
League_Avg_TotalYellow,historical_or_metadata
HT_GoalDifference,current_match
Shots_Difference,current_match
SOT_Difference,current_match
Corners_Difference,current_match
Fouls_Difference,current_match
Yellow_Difference,current_match
Red_Difference,current_match
xG_Difference,current_match
Home_Shot_Accuracy,current_match
Away_Shot_Accuracy,current_match
Shot_Accuracy_Difference,current_match
Total_Shots,current_match
Total_SOT,current_match
Total_Corners,current_match
Total_Fouls,current_match
Total_Cards,current_match
Month,historical_or_metadata
DayOfWeek,historical_or_metadata
