Matchweek,Date,KickoffLocal,HomeTeam,AwayTeam
6,2026-10-10,12:30,Arsenal,Leeds United
6,2026-10-10,15:00,Ipswich Town,Fulham
6,2026-10-10,15:00,Chelsea,AFC Bournemouth
6,2026-10-10,15:00,Aston Villa,Brentford
6,2026-10-10,15:00,Sunderland,Brighton & Hove Albion
6,2026-10-10,17:30,Manchester United,Tottenham Hotspur
6,2026-10-11,14:00,Crystal Palace,Nottingham Forest
6,2026-10-11,14:00,Hull City,Everton
6,2026-10-11,16:30,Liverpool,Manchester City
6,2026-10-12,20:00,Coventry City,Newcastle United
7,2026-10-17,12:30,Everton,Chelsea
7,2026-10-17,15:00,Manchester City,Ipswich Town
7,2026-10-17,15:00,Fulham,Hull City
7,2026-10-17,15:00,Brentford,Liverpool
7,2026-10-17,17:30,Newcastle United,Aston Villa
7,2026-10-18,14:00,AFC Bournemouth,Sunderland
7,2026-10-18,14:00,Leeds United,Manchester United
7,2026-10-18,14:00,Brighton & Hove Albion,Crystal Palace
7,2026-10-18,16:30,Nottingham Forest,Arsenal
7,2026-10-19,20:00,Tottenham Hotspur,Coventry City
8,2026-10-23,20:00,Ipswich Town,Nottingham Forest
8,2026-10-24,12:30,Aston Villa,Manchester City
8,2026-10-24,15:00,Coventry City,Fulham
8,2026-10-24,15:00,Arsenal,Everton
8,2026-10-24,17:30,Chelsea,Tottenham Hotspur
8,2026-10-25,14:00,Crystal Palace,Newcastle United
8,2026-10-25,14:00,Hull City,Brentford
8,2026-10-25,14:00,Liverpool,Brighton & Hove Albion
8,2026-10-25,14:00,Manchester United,AFC Bournemouth
8,2026-10-25,16:30,Sunderland,Leeds United
9,2026-10-31,12:30,Chelsea,Manchester United
9,2026-10-31,15:00,Coventry City,Sunderland
9,2026-10-31,15:00,AFC Bournemouth,Leeds United
9,2026-10-31,15:00,Brentford,Nottingham Forest
9,2026-10-31,15:00,Manchester City,Brighton & Hove Albion
9,2026-10-31,15:00,Hull City,Ipswich Town
9,2026-10-31,17:30,Tottenham Hotspur,Crystal Palace
9,2026-10-31,20:00,Aston Villa,Fulham
9,2026-11-01,16:30,Liverpool,Arsenal
9,2026-11-02,20:00,Newcastle United,Everton
10,2026-11-07,15:00,Brighton & Hove Albion,Brentford
10,2026-11-07,15:00,Everton,Coventry City
10,2026-11-07,15:00,Arsenal,Hull City
10,2026-11-07,15:00,Fulham,Newcastle United
10,2026-11-07,17:30,Nottingham Forest,Manchester City
10,2026-11-07,15:00,Leeds United,Tottenham Hotspur
10,2026-11-08,14:00,Crystal Palace,Liverpool
10,2026-11-08,14:00,Ipswich Town,AFC Bournemouth
10,2026-11-08,14:00,Sunderland,Chelsea
10,2026-11-08,16:30,Manchester United,Aston Villa
