Referee,Matches,Avg_Total_Fouls,Avg_Total_Yellow,Avg_Total_Red,Avg_Home_Yellow,Avg_Away_Yellow,Home_Win_Rate,Draw_Rate,Away_Win_Rate,Home_Yellow_Bias
A Madley,13,21.307692307692307,3.076923076923077,0.07692307692307693,1.3846153846153846,1.6923076923076923,0.38461538461538464,0.3076923076923077,0.3076923076923077,-0.3076923076923077
A Marriner,249,20.152610441767067,3.1686746987951806,0.14859437751004015,1.4698795180722892,1.6987951807228916,0.44176706827309237,0.24096385542168675,0.3172690763052209,-0.22891566265060237
A Taylor,256,21.26953125,3.46875,0.140625,1.69921875,1.76953125,0.46484375,0.21484375,0.3203125,-0.0703125
Andre Marriner,13,19.153846153846153,3.5384615384615383,0.15384615384615385,2.076923076923077,1.4615384615384615,0.38461538461538464,0.23076923076923078,0.38461538461538464,0.6153846153846156
Andrew Kitchen,1,27.0,3.0,0.0,2.0,1.0,0.0,1.0,0.0,1.0
Andy Madley,62,22.919354838709676,3.806451612903226,0.0967741935483871,1.596774193548387,2.2096774193548385,0.43548387096774194,0.24193548387096775,0.3225806451612903,-0.6129032258064515
Anthony Taylor,84,20.785714285714285,3.7857142857142856,0.14285714285714285,1.8333333333333333,1.9523809523809523,0.32142857142857145,0.2619047619047619,0.4166666666666667,-0.11904761904761907
C Foy,109,20.59633027522936,2.697247706422018,0.1651376146788991,1.128440366972477,1.5688073394495412,0.45871559633027525,0.24770642201834864,0.29357798165137616,-0.44036697247706424
C Kavanagh,66,20.575757575757574,3.287878787878788,0.07575757575757576,1.621212121212121,1.6666666666666667,0.5303030303030303,0.22727272727272727,0.24242424242424243,-0.045454545454545636
C Pawson,157,22.573248407643312,3.4203821656050954,0.16560509554140126,1.5414012738853504,1.8789808917197452,0.4585987261146497,0.22929936305732485,0.31210191082802546,-0.33757961783439483
Chris Kavanagh,55,21.30909090909091,3.9272727272727272,0.16363636363636364,1.8727272727272728,2.0545454545454547,0.34545454545454546,0.3090909090909091,0.34545454545454546,-0.18181818181818188
Craig Pawson,60,22.983333333333334,4.166666666666667,0.11666666666666667,1.9333333333333333,2.2333333333333334,0.38333333333333336,0.21666666666666667,0.4,-0.30000000000000004
D Coote,28,22.178571428571427,3.142857142857143,0.07142857142857142,1.4285714285714286,1.7142857142857142,0.5714285714285714,0.21428571428571427,0.21428571428571427,-0.2857142857142856
D England,1,25.0,3.0,0.0,2.0,1.0,0.0,0.0,1.0,1.0
Darren Bond,22,21.818181818181817,4.2272727272727275,0.18181818181818182,1.7727272727272727,2.4545454545454546,0.5454545454545454,0.2727272727272727,0.18181818181818182,-0.6818181818181819
Darren England,46,22.26086956521739,4.195652173913044,0.13043478260869565,1.6521739130434783,2.5434782608695654,0.45652173913043476,0.2391304347826087,0.30434782608695654,-0.8913043478260871
David Coote,40,23.8,4.325,0.15,2.025,2.3,0.475,0.225,0.3,-0.2749999999999999
David Webb,1,25.0,4.0,0.0,1.0,3.0,1.0,0.0,0.0,-2.0
G Scott,68,19.897058823529413,2.661764705882353,0.16176470588235295,1.1029411764705883,1.5588235294117647,0.5735294117647058,0.14705882352941177,0.27941176470588236,-0.4558823529411764
Graham Scott,11,18.545454545454547,2.5454545454545454,0.18181818181818182,1.6363636363636365,0.9090909090909091,0.36363636363636365,0.36363636363636365,0.2727272727272727,0.7272727272727274
H Webb,119,21.57983193277311,3.2184873949579833,0.09243697478991597,1.4369747899159664,1.781512605042017,0.4789915966386555,0.226890756302521,0.29411764705882354,-0.34453781512605053
J Moss,225,21.79111111111111,3.4133333333333336,0.14222222222222222,1.5777777777777777,1.8355555555555556,0.4444444444444444,0.19555555555555557,0.36,-0.2577777777777779
Jarred Gillett,49,20.0,3.693877551020408,0.04081632653061224,1.8775510204081634,1.816326530612245,0.3673469387755102,0.1836734693877551,0.4489795918367347,0.061224489795918435
John Brooks,53,22.32075471698113,4.509433962264151,0.07547169811320754,2.358490566037736,2.150943396226415,0.49056603773584906,0.2641509433962264,0.24528301886792453,0.20754716981132093
Joshua Smith,7,21.142857142857142,4.142857142857143,0.14285714285714285,2.5714285714285716,1.5714285714285714,0.7142857142857143,0.14285714285714285,0.14285714285714285,1.0000000000000002
K Friend,216,21.76388888888889,3.4444444444444446,0.10185185185185185,1.6296296296296295,1.8148148148148149,0.46296296296296297,0.25,0.28703703703703703,-0.18518518518518534
K Stroud,3,26.0,3.6666666666666665,0.3333333333333333,2.0,1.6666666666666667,1.0,0.0,0.0,0.33333333333333326
L Mason,215,22.06046511627907,3.1348837209302327,0.12558139534883722,1.427906976744186,1.7069767441860466,0.4697674418604651,0.23255813953488372,0.29767441860465116,-0.2790697674418605
L Probert,137,19.67153284671533,2.4525547445255476,0.18248175182481752,1.094890510948905,1.3576642335766422,0.48905109489051096,0.23357664233576642,0.2773722627737226,-0.2627737226277371
Lewis Smith,8,22.5,4.375,0.25,2.375,2.0,0.5,0.25,0.25,0.375
M Atkinson,281,21.505338078291814,3.3665480427046264,0.1601423487544484,1.4697508896797153,1.896797153024911,0.45907473309608543,0.24199288256227758,0.298932384341637,-0.4270462633451957
M Clattenburg,175,21.62857142857143,3.177142857142857,0.17714285714285713,1.4057142857142857,1.7714285714285714,0.4685714285714286,0.2571428571428571,0.2742857142857143,-0.36571428571428566
M Dean,288,21.34375,3.7465277777777777,0.18055555555555555,1.8090277777777777,1.9375,0.4548611111111111,0.2743055555555556,0.2708333333333333,-0.12847222222222232
M Halsey,60,19.3,2.2,0.05,0.9166666666666666,1.2833333333333334,0.35,0.26666666666666666,0.38333333333333336,-0.3666666666666668
M Jones,170,23.08235294117647,3.1588235294117646,0.13529411764705881,1.4,1.7588235294117647,0.47058823529411764,0.25882352941176473,0.27058823529411763,-0.35882352941176476
M Oliver,266,21.98872180451128,3.169172932330827,0.13157894736842105,1.4774436090225564,1.6917293233082706,0.44360902255639095,0.2819548872180451,0.2744360902255639,-0.2142857142857142
Matt Donohue,1,28.0,4.0,0.0,2.0,2.0,0.0,0.0,1.0,0.0
Michael Oliver,76,21.723684210526315,3.6973684210526314,0.14473684210526316,1.8026315789473684,1.894736842105263,0.4473684210526316,0.2236842105263158,0.32894736842105265,-0.09210526315789469
Michael Salisbury,41,23.097560975609756,3.707317073170732,0.1951219512195122,1.7804878048780488,1.9268292682926829,0.4634146341463415,0.17073170731707318,0.36585365853658536,-0.14634146341463405
N Swarbrick,132,20.924242424242426,3.3333333333333335,0.08333333333333333,1.6666666666666667,1.6666666666666667,0.4166666666666667,0.25,0.3333333333333333,0.0
O Langford,1,23.0,1.0,0.0,1.0,0.0,0.0,1.0,0.0,1.0
P Bankes,11,23.09090909090909,3.727272727272727,0.09090909090909091,1.3636363636363635,2.3636363636363638,0.5454545454545454,0.2727272727272727,0.18181818181818182,-1.0000000000000002
P Dowd,130,22.723076923076924,3.8384615384615386,0.2076923076923077,1.5538461538461539,2.2846153846153845,0.4461538461538462,0.27692307692307694,0.27692307692307694,-0.7307692307692306
P Tierney,80,22.2625,2.975,0.075,1.3375,1.6375,0.4375,0.1875,0.375,-0.30000000000000004
P Walton,42,19.333333333333332,3.3095238095238093,0.19047619047619047,1.5238095238095237,1.7857142857142858,0.2619047619047619,0.35714285714285715,0.38095238095238093,-0.2619047619047621
Paul Tierney,53,21.07547169811321,3.660377358490566,0.09433962264150944,1.7169811320754718,1.9433962264150944,0.4528301886792453,0.20754716981132076,0.33962264150943394,-0.2264150943396226
Peter Bankes,52,21.557692307692307,4.153846153846154,0.07692307692307693,1.8461538461538463,2.3076923076923075,0.5576923076923077,0.23076923076923078,0.21153846153846154,-0.46153846153846123
R East,91,22.604395604395606,3.142857142857143,0.12087912087912088,1.4395604395604396,1.7032967032967032,0.5164835164835165,0.27472527472527475,0.2087912087912088,-0.2637362637362637
R Jones,1,17.0,4.0,0.0,1.0,3.0,0.0,0.0,1.0,-2.0
R Madley,91,22.175824175824175,3.21978021978022,0.14285714285714285,1.5494505494505495,1.6703296703296704,0.4835164835164835,0.2857142857142857,0.23076923076923078,-0.1208791208791209
Rebecca Welch,2,26.5,4.0,0.5,2.5,1.5,0.0,0.5,0.5,1.0
Robert Jones,67,23.46268656716418,4.164179104477612,0.13432835820895522,1.671641791044776,2.4925373134328357,0.4925373134328358,0.23880597014925373,0.26865671641791045,-0.8208955223880596
Robert Madley,2,23.0,4.5,0.5,2.0,2.5,0.0,1.0,0.0,-0.5
S Attwell,95,20.231578947368423,3.4842105263157896,0.12631578947368421,1.736842105263158,1.7473684210526317,0.4105263157894737,0.29473684210526313,0.29473684210526313,-0.010526315789473717
S Hooper,21,22.80952380952381,2.761904761904762,0.09523809523809523,1.3333333333333333,1.4285714285714286,0.2857142857142857,0.23809523809523808,0.47619047619047616,-0.09523809523809534
S Scott,1,16.0,3.0,0.0,1.0,2.0,0.0,1.0,0.0,-1.0
Samuel Allison,3,24.666666666666668,5.333333333333333,0.0,2.3333333333333335,3.0,0.3333333333333333,0.3333333333333333,0.3333333333333333,-0.6666666666666665
Samuel Barrott,34,20.735294117647058,3.8823529411764706,0.058823529411764705,1.6470588235294117,2.235294117647059,0.5294117647058824,0.11764705882352941,0.35294117647058826,-0.5882352941176472
Simon Hooper,77,20.896103896103895,4.077922077922078,0.07792207792207792,1.8051948051948052,2.272727272727273,0.5194805194805194,0.24675324675324675,0.23376623376623376,-0.4675324675324677
Stuart Attwell,60,20.3,3.6666666666666665,0.13333333333333333,1.7,1.9666666666666666,0.5333333333333333,0.16666666666666666,0.3,-0.2666666666666666
T Robinson,1,27.0,2.0,0.0,0.0,2.0,1.0,0.0,0.0,-2.0
Thomas Bramall,27,23.037037037037038,3.7777777777777777,0.14814814814814814,1.7777777777777777,2.0,0.5185185185185185,0.25925925925925924,0.2222222222222222,-0.22222222222222232
Tim Robinson,34,23.647058823529413,4.470588235294118,0.058823529411764705,1.9705882352941178,2.5,0.5,0.2647058823529412,0.23529411764705882,-0.5294117647058822
Tony Harrington,31,22.387096774193548,3.870967741935484,0.12903225806451613,1.7741935483870968,2.096774193548387,0.45161290322580644,0.1935483870967742,0.3548387096774194,-0.32258064516129026
l Mason,1,21.0,5.0,0.0,4.0,1.0,0.0,1.0,0.0,3.0
